{
   "w": [[16.0, 27.0],
       [91.0, 20.0]],
   "s": [[2.5, 2.7],
       [2.7, 2.5]],
   "beta": [1.1, 1.1],
   "tau": [0.1, 0.18],
   "alpha": [1.5, 1.0],
   "a": [1.2, 1.0],
   "theta": [2.6, 8.0],
   "input": [55, 9.6],
   "t": [4.9105, 10.77258872],
   "sd": [2.775182, 3.3302184463],
   "space": [101, 1.0],
   "time": [281, 0.01]
}
